"nome","resumo","coordenador"
"A UNIVERSIDADE EM PAUTA: A WEBTV COMO FERRAMENTA DE DIVULGAÇÃO E POPULARIZAÇÃO DA PRODUÇÃO ACADÊMICA","Produzido pelo centro de tecnologia educacional (cte) o uerj em pauta é um programa voltado para a cobertura jornalística e divulgação de notícias do cotidiano da universidade como eventos acadêmicos e culturais solenidades serviços prestados à comunidade projetos de pesquisa ações de extensão publicações cursos campanhas de interesse público e muito mais. As diversas atividades universitárias viram notícia no uerj em pauta. O projeto cria assim um canal de divulgação das ações da uerj funcionando como um instrumento de sociabilidade entre o corpo docente discente funcionários e a comunidade externa. Nesse contexto o projeto exerce uma importante função ao desenvolver um programa de tv que aproxima a universidade e a sociedade em geral tornando público o seu do dia a dia dando visibilidade às suas realizações e fortalecendo sua imagem ao evidenciar o seu importante papel na sociedade. O programa uerj em pauta integra a programação da tv uerj e pode ser acompanhado através da internet no site do cte (www.Cte.Uerj.Br/tvuerj) e no youtube (www.Youtube.Com/ tvuerjoficial).","Adair Leonardo Rocha"
"RÁDIO UERJ","No ar desde 2005 a rádio uerj é uma produção do centro de tecnologia educacional (cte). A iniciativa promove a divulgação da produção da universidade a atividade laboratorial dos estudantes e a democratização do conhecimento contribuindo para a integração entre a uerj e a sociedade. A proposta é ser um canal de divulgação das iniciativas da uerj seja nas áreas da pesquisa do ensino e da extensão como no âmbito administrativo. Simultaneamente fortalecer a comunicação interna; divulgar a produção e a rotina da universidade e ajudar a dar transparência à gestão uma vez que qualquer pessoa pode acompanhar as transmissões dos conselhos universitários pela rádio uerj. A rádio está no ar 24 horas por dia inclusive nos fins de semana com programação musical programas sobre temas diversos e notícias. Nos boletins da agenda informamos principalmente sobre assuntos de interesse da comunidade interna da uerj como eventos e cursos realizados na universidade serviços úteis a estudantes servidores ou cidadãos em geral e ainda reportagens sobre a instituição veiculadas na mídia. Também veiculamos as sessões do conselho universitário e eventos diversos realizados na uerj. A equipe da rádio além de produzir programas próprios oferece apoio técnico para produções de outros departamentos da universidade e desenvolvidas por professores servidores e alunos.","Bárbara Andréa Silva Copque"
"CIÊNCIA EM PRÁTICA","As universidades por meio da divulgação científica desempenham um papel importantíssimo na promoção e gestão do conhecimento não somente para dar visibilidade à produção acadêmica mas principalmente para tornar os resultados de suas pesquisas acessíveis ao cidadão para que ele possa refletir sobre eles aplicá-los no seu cotidiano ou mesmo questioná-los. Na sociedade midiática atual apresentar a produção acadêmica da uerj por meio de um programa de rádio formatado para este fim é no mínimo oportuno e também um grande desafio. Só no prociência a uerj contabiliza mais de 500 projetos de pesquisa nas mais variadas áreas do saber. Traduzir esse conteúdo para uma linguagem radiofônica de forma compreensível e atraente para o ouvinte cumpre um duplo papel: educativo/informativo possibilitando ao cidadão acesso a esse conhecimento e a possibilidade de aplicá-lo ao seu cotidiano; e de promoção e fortalecimento da imagem institucional da universidade frente à sociedade dando maior transparência à sua produção. Como destaca margarida krohling kunsch (1992) “no mundo em que vivemos hoje a universidade tem não só o dever mas a responsabilidade social de reproduzir sua pesquisa de forma aberta a toda a sociedade. Não se justifica mais uma produção científica enclausurada em arquivos e prateleiras com restrito acesso de uma minoria privilegiada. é preciso democratizar a universidade”.","Carlos Eduardo Moncken Michel"
"PODCAST “NA REAL”: O ÁUDIO COMO RECURSO PEDAGÓGICO E DE DIVULGAÇÃO DA PRODUÇÃO DO SABER","Realizada pela coordenação de produção de áudio do centro de tecnologia educacional (cte) a rádio uerj tem mais de 10 anos de existência sendo a primeira webrádio universitária pública brasileira com programação contínua. Integrar os vários campi da universidade ser um canal de comunicação a ser utilizado por alunos professores e servidores colaborar para a formação profissional dos alunos e divulgar o ensino pesquisa cultura e extensão produzidos pela uerj estão entre os objetivos que norteiam nossa produção. A experiência positiva com a produção de conteúdos em áudio e com a convergência midiática inspirou o presente projeto que tem como propósito a produção do podcast “na real” como ferramenta de divulgação para os diferentes projetos realizados na uerj. Promover a divulgação da produção acadêmica da uerj por meio de podcasts e de veiculação pela rádio consiste em uma importante oportunidade e também um grande desafio. São centenas de projetos realizados na uerj em diferentes áreas. No prociência são mais de 500 projetos de pesquisa a extensão conta com cerca de 800 projetos cadastrados são mais de 400 projetos de estágio interno complementar e mais de 150 de iniciação à docência entre outras atividades. Transpor esse conteúdo para a linguagem do áudio de forma acessível e atraente para o público cumpre um duplo papel: educativo/informativo possibilitando ao cidadão acesso a esse conhecimento; e de promoção e fortalecimento da imagem institucional da universidade frente à sociedade contribuindo para democratizar sua produção. O projeto prevê a possibilidade de outros materiais informativos/educativos em áudio. Objetiva ainda a experimentação de novos formatos linguagens e conteúdos. Com o projeto abrem-se diversas possibilidades de produção em áudio com objetivo informativo/educativo com vistas à realização de inúmeros produtos com finalidade pedagógica e de divulgação científica.","Rafael Orazem Case"
"WEB-RÁDIO: IDOSO EM FOCO","O desenvolvimento de um programa de web-rádio voltado para o público idoso foi idealizado após uma avaliação criteriosa das políticas existentes indo ao encontro do estatuto do idoso que também converge com os princípios do sistema único de saúde (sus). Nesse sentido entende-se que as ações voltadas para a saúde informação e formação devam estar inseridas em propostas que possam contribuir para o desenvolvimento de contextos de vida dessa população. A rádio uerj conseguiu elaborar uma proposta de informação sobre longevidade à distância levando educação para todos.","Thalyta Mitsue Leite Toda"
"REDE DE AÇÕES COMUNICACIONAIS DA EDITORA DA UERJ","A rede de comunicação da eduerj tem a missão de produzir informações sobre os livros interagindo com veículos da imprensa com leitores potenciais e também com os autores. é uma ação que requer uma estratégia para cada livro mas também um pensar mais plural que unifique os esforços de divulgação em torno da valorização da marca eduerj.","Ricardo Zentgraf"
"AGÊNCIA DE NOTÍCIAS DO CEH","Trata o presente projeto de instrumento voltado à comunidade acadêmica da uerj e a outros que são externos à universidade que busquem informações referentes às ações acadêmico-culturais desenvolvidas pelas 10 unidades do ceh. Com o advento cada vez maior das novas redes de informações e tecnologias a elas associadas percebemos a necessidade de ampliação dos canais de circulação de comunicação entre as diferentes unidades do centro. Também visa este projeto ampliar a troca de experiências entre os atores dos diferentes segmentos e unidades do ceh. Igualmente busca proporcionar campo de atuação como atividade complementar e possível campo de estágio orientado por docentes da fcs da ffp do ppfh e do instituto de letras no que diz respeito à formação em jornalismo e relações públicas bem como às práticas de comunicação pública. Pretende-se viabilizar como agência on-line potencializando as ações de campo realizadas através de pesquisas reportagens e documentários produzidos. Também realizará estudos e coberturas das discussões mais amplas da uerj que impactem diretamente na organização dos segmentos e unidades do ceh.","Bruno Rego Deusdara Rodrigues"
"ESCRITÓRIO MODELO DE TRADUÇÃO: CENTRO DE PRODUÇÃO E FORMAÇÃO DE QUADROS – DEPARTAMENTO LNEO (LETRAS NEOLATINAS)","O presente projeto busca contemplar o ensino e a pesquisa em tradução (cultural e intercultural) bem como a extensão por meio do atendimento a demandas sociais. Nesse sentido com o avanço do trabalho desenvolvido em 23 anos de escritório modelo de tradução ana cristina césar com aberturas de novas frentes e a perspectiva de em breve tornarmo-nos um programa o projeto “escritório modelo de tradução: centro de produção e formação de quadros - departamento lneo” tem como principais metas e objetivos atender às demandas imediatas de trabalhos de tradução das comunidades interna e externa da universidade referentes às línguas espanhola francesa e italiana contribuindo para a qualidade acadêmica do ile/uerj através do aprimoramento de docentes e da formação de estudantes.","Geraldo Ramos Pontes Junior"
"ESCRITÓRIO MODELO DE TRADUÇÃO: CENTRO DE PRODUÇÃO E FORMAÇÃO DE QUADROS - DEPARTAMENTO LAG (LETRAS ANGLO-GERMÂNICAS)","O presente projeto busca contemplar o ensino e a pesquisa em tradução bem como a extensão por meio do atendimento a demandas sociais. Nesse sentido com o avanço do trabalho desenvolvido desde 1999 pelo escritório modelo de tradução ana cristina césar com aberturas de novas frentes e a partir de 2021 tendo se tornado o programa ""escritório modelo de tradução"" o projeto ""escritório modelo de tradução: centro de produção e formação de quadros - departamento lag (letras anglo-germânicas)” tem como principais metas e objetivos atender às demandas imediatas de trabalhos de tradução das comunidades interna e externa da universidade referentes às línguas alemã e inglesa contribuindo para a qualidade acadêmica do ile/uerj através do aprimoramento de docentes e da formação de estudantes. Além de oferecermos trabalhos de tradução acessíveis e de qualidade para o publico interno e externo nossos bolsistas vivenciam uma experiência prática em tradução que os qualifica para mais facilmente conseguirem uma colocação no mercado de trabalho após o termino da bolsa e da participação no projeto.","Marcela Iochem Valente"
"ESCRITÓRIO MODELO DE TRADUÇÃO ANA CRISTINA CÉSAR","Este projeto tem como premissa a renovação e a rediscussão dos cursos de graduação do instituto de letras em função da nova realidade e exigência do mercado de trabalho do profissional em letras. O projeto que no ano de 2021 se transformou em programa busca contemplar o ensino e a pesquisa em tradução (cultural e intercultural) bem como a extensão por meio do atendimento a demandas sociais. Nesse sentido o programa “escritório modelo de tradução ana cristina césar” tem como principais metas e objetivos atender às demandas imediatas de trabalhos de tradução das comunidades interna e externa da universidade contribuindo para a qualidade acadêmica do ile/uerj através do aprimoramento de docentes e da formação de estudantes e ainda colaborar com a internacionalização da uerj a partir de eventos e parcerias.","Maria Aparecida F. De Andrade Salgueiro"
"ESCRITÓRIO-MODELO TRANSDISCIPLINAR DE COMUNICAÇÃO INSTITUCIONAL DO INSTITUTO DE LETRAS","Projeto de extensão que objetiva (i) promover a divulgação científica e cultural das atividades e produções acadêmicas culturais e extensionistas realizadas no âmbito do instituto de letras à comunidade interna e externa; (ii) organizar o fluxo de informações institucionais para garantir a ampla divulgação e acesso às informações e documentos normativos afirmando a transparência e eficiência dos processos institucionais; (iii) motivar a adesão à gestão participativa e plural do instituto de letras ou seja a participação de discentes docentes e servidores técnico-administrativos nos processos administrativos orçamentários e na tomada de decisões; (iv) oportunizar o treinamento dos estudantes bolsistas em práticas de comunicação institucional.","Renê Alberto Moritz Da Silva e Forster"
"COMISSÃO DE COMUNICAÇÃO DO INSTITUTO DE PSICOLOGIA - UERJ","O uso de mídias digitais enquanto canais de comunicação vem contribuindo para a disseminação do conhecimento produzido nas instituições de ensino superior além de ser um importante recurso para a comunicação organizacional. Desse modo este projeto visa o desenvolvimento de atividades no setor de comunicação do instituto de psicologia (ip) da uerj com o intuito de qualificar e integrar os canais de comunicação deste instituto (boletim do ip instagram facebook site e youtube) que visam comunicar à comunidade interna e externa ao instituto eventos e informações relacionados à vida institucional","Carlos Eduardo Lourenço Dos Santos Nórte"
"HISTÓRIA DA PSICOLOGIA NAS REDES: O CANAL CLIO-PSYCHÉ NO YOUTUBE COMO FERRAMENTA DE DIVULGAÇÃO CIENTÍFICA","O projeto de extensão “história da psicologia nas redes: o canal clio-psyché no youtube como ferramenta de divulgação científica” é uma atividade integrante do instituto de psicologia da universidade do estado do rio de janeiro (uerj). Iniciou-se em 2021 com o objetivo de ampliar e modernizar o conteúdo do canal clio psyché no youtube alcançando novos seguidores e interações o que denota o alcance da divulgação das atividades científicas desenvolvidas no laboratório de história e memória da psicologia – clio-psyché bem como de instituições e pesquisadores parceiros. O canal observou no primeiro ano de funcionamento um aumento de 35% no número de inscritos maior do que o previsto no projeto inicial. O projeto foi ampliado para outra mídia o instagram que por ser mais dinâmica tem contribuído na divulgação dos vídeos semanais do youtube e também com a interação com os usuários por meio de reels enquetes e outras ferramentas. Como continuidade das atividades desenvolvidas – vídeos do acervo do laboratório lives vídeos de divulgação de livros e pesquisas do clio homogeneização da linguagem visual dos canais entre outras – no próximo ano o conteúdo do canal do youtube será compartilhado também por meio de um podcast ferramenta que vem ganhando muita aceitação mostrando-se muito potente na divulgação científica também. Além disso a equipe do projeto está analisando o site do laboratório e fará uma atualização tanto do seu conteúdo quanto do seu layout. No ano de 2022 ocorreu o xv encontro clio-psyché e certamente essas ferramentas serviram para a expansão do alcance do evento já tradicional na área de história da psicologia da américa latina. Em posse dos resultados estatísticos fornecidos pelas próprias plataformas utilizadas já temos condições de redigir artigos científicos sobre a experiência e de apresentação do projeto em eventos científicos de história da psicologia.","Filipe Degani Carneiro"
"LABORATÓRIO DE PODCAST NARRATIVO","O laboratório de podcasts narrativos é um espaço de circulação análise e produção deste formato comunicativo cada vez mais em voga - e com um potencial imenso ainda a ser explorado. Em um oceano de podcasts (e mesacasts) conversacionais que produzem infindáveis horas de conteúdo diário este formato permite ao comunicador exercer sua função social de organizar o caos informativo a partir da narrativa e da interpretação. Utilizando-se de estratégias de storytelling para capturar a atenção do leitor aliadas à uma marcante voz autoral o podcast narrativo permite também a construção de proximidade e afeto entre o ouvinte e a história contada. Um ferramental especialmente valioso para aproximar o público de temáticas sensíveis grupos minoritários e contra-hegemônicos. A proposta desta maneira é dividida em dois momentos: o primeiro é interno visando desenvolver na equipe a capacidade técnica e crítica para analisar e produzir podcasts narrativos. O segundo momento tem foco no público externo com o estabelecimento de parcerias com a comunidade além muros capacitando aqueles desejam narrar suas próprias histórias. Narrativas estas que se tornarão a primeira temporada de nosso programa.","Andriolli De Brites Da Costa"
"“GALERIA PROVIDÊNCIA E LABORATÓRIO CAC/FCS: FAVELA E UNIVERSIDADE JUNTOS NA PROMOÇÃO DO DESENVOLVIMENTO HUMANO E URBANO POR MEIO DA ARTE”","O laboratório comunicação arte e cidade tem em seu histórico desenvolver projetos de extensão. Por muitos anos estivemos no morro da mangueira em parceria com a ong meninas e mulheres do morro. Esse novo projeto não parte do zero para além da expertise em trabalhos em comunidades o cac tem a parceria com o galeria da providência no qual um dos orientandos de doutorado da professora cíntia sanmartin fernandes é morador da comunidade do morro da providência e coordenador do projeto galeria da providência. Esse projeto da parceria galeria da providência e o laboratório cac busca aproximar os moradores com a universidade. Uma parceria que irá produzir uma cartografia e um documentário com participação direta dos moradores locais que fazem parte do projeto galeria e que contarão suas histórias e memórias por narrativas por performances e outras diferentes formas artísticas. Identifica-se tais protagonistas como a(r)tivistas por evidenciarem as diferentes formas de arte e política que são produzidas cotidianamente como forma de resistência tática de burlar a verticalidade das estratégias que historicamente vem menosprezando a história e as vidas da providência. Essa parceria propõe contribuir na amplificação das vozes e corpos que vivem na providência por meio de documentos audiovisuais e de uma cartografia que contribua para outras percepções sobre a região. O cac entende a relevância das trocas entre a cidade e a universidade percebe que vem trabalhando para diminuir as distâncias e ampliar as trocas de saberes que vem com as vidas cotidianas e os saberes do rigor científico. Agentes comunitários moradores que fazem parte do projeto galeria da providência alunos e professores da uerj estabelecerão trocas diretas durante todo o processo de produção da cartografia do documentário. Espera-se com esse projeto além de toda a riqueza das trocas culturais que haja um desdobramento em políticas públicas que possam ajudar a melhorar a realidade dos moradores da provi","Cintia Sanmartin Fernandes"
"LAMPE – LABORATÓRIO DE PESQUISA EM COMUNICAÇÃO INTERAÇÃO E CULTURA","Articulado ao programa de pós-graduação em comunicação e ao departamento de jornalismo da faculdade de comunicação social da uerj o laboratório de pesquisa em comunicação interação e cultura (lampe) existe desde 2014 dedicando-se a desenvolver atividades de pesquisa e extensão voltadas para a prática da comunicação e da divulgação científica. O lampe investe em ações voltadas para a visibilização da produção acadêmica do grupo de pesquisa corps (corpo representação e espaço urbano/cnpq/2012) fomentando a divulgação científica de forma interna e externa à universidade. Entre suas atividades principais destacam-se a concepção de projetos acadêmicos; a produção do blog lampe (https://lampeppgcom.Wordpress.Com); o gerenciamento de vídeos no canal associado ao projeto de extensão na plataforma youtube (https://www.Youtube.Com/channel/ucxgwesvx92ifyxcucdqirpg); a organização de eventos acadêmicos; a realização de reuniões sistemáticas do grupo de pesquisa; a participação em eventos de pesquisa; a produção de material visual e a concepção redação e revisão de livros integrais e coletâneas desenvolvidas pelo grupo de pesquisa com seus parceiros internos e externos à uerj.","Denise Da Costa Oliveira Siqueira"
"LABORATÓRIO DE ESTUDOS EM MÍDIA E ESPORTE","O laboratório de estudos em mídia e esporte foi fundado em 2014 por meio do edital universal cnpq 14/2013 e desde então tem como objetivo primordial difundir o conhecimento acadêmico sobre a interface esporte/comunicação expandindo seu alcance para diversos públicos de interesse. Enquanto unidade de desenvolvimento tecnológico do departamento de inovação da uerj buscamos: a) estimular a manutenção e o crescimento das atividades do laboratório na faculdade de comunicação social; b) produzir regularmente conteúdos originais sobre as temáticas de interesse do laboratório voltados à educação e à popularização da ciência; c) difundir esse conteúdo por meio do blog do laboratório (www.Comunicacaoeesporte.Com) do podcast (passes e impasses) do boletim (replay) e de nossas páginas (@lemeuerj) no facebook instagram e youtube; d) organizar seminários acadêmicos com o propósito de fomentar o debate sobre a interface mídia e esporte; e) eventualmente realizar cursos de extensão oficinas ou minicursos. Por meio dessas iniciativas o laboratório tem construído e mantido laços com professores e investigadores de outras instituições de ensino superior (ies) do brasil e do exterior e já é referência na pesquisa da relação entre mídia e esporte. O laboratório é resultado de um trabalho desenvolvido há mais de 20 anos pelo grupo de pesquisa “esporte e cultura” cadastrado no cnpq e na sub-reitoria de pós-graduação e pesquisa da uerj. O leme é coordenado por ronaldo george helal líder do grupo de pesquisa citado e está vinculado ao departamento de teoria de comunicação da fcs e ao programa de pós-graduação em comunicação da uerj. No âmbito da pesquisa acadêmica o laboratório oferece suporte à pesquisa “meios de comunicação idolatria identidade e cultura popular” desenvolvida pelo coordenador em suas bolsas prociência (uerj) cne (faperj) e pq (cnpq).","Fausto Amaro Ribeiro Picoreli Montanha"
"VISUS DECOLONIAIS: FOTOGRAFIA E DIVERSIDADES","O projeto busca mapear e dar visibilidade a produções fotográficas de jovens artistas que discutem temáticas ligadas à raça gênero sexualidade ancestralidade e território no estado do rio de janeiro. Com base na análise dessas produções o projeto procura discutir os processos de produção dessas imagens como uma prática comunicativa e ampliar a discussão sobre a problemática da representação de corpos saberes territórios e modos de vida minoritários através de uma perspectiva decolonial. O projeto é realizado no âmbito da graduação (cursos de jornalismo e de relações públicas) através do laboratório de fotografia da faculdade de comunicação social e da pós-graduação (grupo de pesquisa trama vinculado ao programa de pós-graduação em comunicação - ppgcom) e prevê ações conjuntas com os fotógrafos mapeados através do instagram de um site de rodas de conversa um blog oficinas de foto-livros seminários e exposições articulando de forma indissociável ensino e pesquisa.","Fernando Do Nascimento Goncalves"
"ATELIÊ DO PODCAST","O laboratório de audio (audiolab) da fcs/uerj que é também uma unidade de desenvolvimento tecnológico (udt) funciona como local de ensino dos alunos da fcs fornecendo a oportunidade de experimentar linguagens formatos radiofônicos e pesquisar a aplicação de técnicas jornalísticas na produção em mídia sonora. Desde que o proponente deste projeto assumiu as disciplinas de rádio da fcs (07/2022) observou uma alta produtividade e o anseio dos alunos em continuar os programas em formatos sonoros mesmo com o fim da disciplina. O ateliê do podcast surge como local de produção e divulgação conteúdo sonoro da faculdade. Essa ação possibilita um local de difusão para o público externo de todo o trabalho realizado pelos alunos aproximando o que é refletido e produzido na universidade do grande público. Além disso o projeto através dos bolsistas garante a continuidade dos podcasts do corpo discente com apoio na gravação roteirização e edição do material no audiolab. Na parte da extensão o projeto através de oficinas semestrais abertas ao público externo cria auxilia produz e edita podcasts em conjunto com os participantes das oficinas. O objetivo é apresentar a linguagem radiofônica para este público e indicar como ela pode ser a base de ações transformadoras na sociedade. Os temas dos atuais 19 programas indicam a pluralidade e a diversidade presente na universidade e tão fundamental para a construção de uma sociedade mais empática. São 79 episódios publicados desde abril de 2023.Possibilitamos parcerias com pesquisadores de outros departamentos e unidades da uerj. Com o auxílio dos voluntários do projeto a eduerj o departamento de turismo e a faculdade de formação de professores tem seus próprios programas produzidos pelo nosso projeto ampliando o alcance das suas pesquisas levando para a sociedade o que é produzido na universidade.","Filipe Fernandes Ribeiro Mostaro"
"BADAUERJ","Badauerj é uma construção coletiva de 57 alunos de diferentes cursos da uerj. Durante a oficina do projeto de extensão escola de narradores observamos o desejo de detalhar e aprofundar as investigações sobre o carnaval produzido pelas escolas de samba cariocas. Buscando preparar os discentes para a cobertura dessas manifestações culturais notamos a necessidade de maior interação e integração com as agremiações e seus integrantes produtores efetivos desses acontecimentos. A partir dessa ideia temos como objetivo principal deste projeto a produção de programas (12 já produzidos) em formatos de mídia sonora sobre a preparação e engajamento no carnaval. Temos no jargão jornalístico um correspondente em cada escola do grupo de acesso e do grupo especial do rio ampliando a capacidade de cobertura e de integração com os moradores e participantes das localidades que produzem o carnaval. Através do selo samba365 abastecemos nosso instagram diariamente com efemérides sobre personalidades acontecimentos e instituições ligadas ao samba. Além do pioneirismo desta ação da contribuição da formação integral dos alunos ao estudar e vivenciar essas manifestações culturais o badauerj entende que o carnaval não é só fevereiro. Vamos nos aprofundar no imaginário dessas agremiações das origens desse ritmo e de seus participantes trazendo para o grande púbico histórias sons ritmos e ambientes que sustentam essa cultura tão presente no cotidiano carioca. O nome vem da expressão badauê que no idioma yorubá significa festa e celebração. O projeto está inserido dentro das produções do audiolab da fcs e será divulgado nos canais laboratório (https://linktr.Ee/uerjaudiolab). Cumprindo o papel da universidade na extensão do conhecimento o projeto busca ao contar a história do samba umbilicalmente ligado à história dos pretos escravizados aproximar a comunidade dessas reflexões e instigar transformações sociais através da construção coletiva de narrativas","Filipe Fernandes Ribeiro Mostaro"
"ESCOLA DE NARRADORES","Escola de narradores é um projeto que integra a produção do laboratório de audio (audiolab) da uerj. O objetivo principal é formar e manter uma equipe de transmissão esportiva na faculdade de comunicação social da uerj. Essa equipe composta por um narrador dois repórteres um comentarista um plantonista e um operador técnico é treinada para auxiliar em cursos desenvolver e refletir os atributos necessários para realizar uma transmissão esportiva. O projeto realiza em média três transmissões por semana e faz coberturas especiais de eventos esportivos como torneios nacionais e internacionais de diferentes modalidades e cobrirá os jogos olímpicos de 2024. Em todas essas coberturas são abertas vagas para voluntários que queiram desenvolver o conhecimento e a prática nas transmissões esportivas contribuindo assim para a formação integral dos alunos. A primeira experiência do projeto mesmo antes de ser implantado oficialmente na uerj foi a cobertura da copa do mundo de 2022. Já superamos as 40 mil visualizações canal do audiolab no youtube (https://www.Youtube.Com/@uerjaudiolab) em parceria com o laboratório de estudos em mídia e esporte também ligado à faculdade comunicação e o cte através da rádio uerj que transmite algumas narrações através das caixas de som que ficam no hall dos elevadores de cada andar. Já são mais de 12 torneios e mais de 140 partidas transmitidas levando essa produção para o público em geral e indicando o potencial do projeto. Cumprindo o papel da universidade pública na extensão do conhecimento o projeto realiza um curso sobre narração esportiva por semestre aberto ao público com 60 vagas sendo metade delas reservadas à população em vulnerabilidade social. O objetivo é aproximar a comunidade dessas reflexões e instigar transformações sociais através da construção coletiva de narrativas.","Filipe Fernandes Ribeiro Mostaro"
"MERGULHANDO - A COMUNICAÇÃO ALÉM DA SUPERFÍCIE","O mergulhando é um projeto que integrará a produção do laboratório de audio (audiolab) da uerj. O objetivo principal é publicizar e expandir o conhecimento produzido pelas pesquisas dos professores da faculdade de comunicação da uerj (fcs). Através do podcast “mergulhando” usaremos da linguagem sonora para elaborar episódios sobre a investigação os projetos e os saberes que cada um dos docentes da faculdade possui e produz. O mergulhando tem como slogan: a comunicação além da superfície. A ideia é ir a fundo em cada uma das pesquisas dos docentes apresentando os desdobramentos dessas investigações com uma linguagem coloquial e com os recursos sonoros como vinhetas e músicas pilares da linguagem radiofônica. O material completo das entrevistas ficará disponível no site do audiolab e da fcs possibilitando amplo acesso. A versão editada será divulgada através do podcast. Nos últimos anos o audiolab vem inovando e produzindo novos formatos em mídia sonora congruentes à ideia de convergência. Acreditamos que a importância e a relevância da mídia sonora neste cenário vão democratizar o acesso ao que é investigado na universidade bem como aproximar a comunidade dos desdobramentos de cada pesquisa e reforçar a compreensão da função dos pesquisadores e da comunicação no nosso cotidiano. A faculdade de comunicação possui 3 departamentos. São 17 professores no departamento de relações públicas 15 de depart. De jornalismo e 8 no depart. De teoria da comunicação. Os 40 docentes atuam em 10 laboratórios nos 2 cursos oferecidos pela faculdade: jornalismo e relações públicas no programa de pós-graduação e nas duas especializações: jornalismo esportivo e jornalismo cultural. Toda produção e pesquisa presente nesses cursos e coordenadas pelos professores serão temas dos programas. Com esse projeto vamos provocar uma reflexão e aproximação das temáticas pesquisadas do grande público através da democratização do ensino pelos meios digitais tão presentes no cotidiano atual.","Filipe Fernandes Ribeiro Mostaro"
"AGENC - AGÊNCIA DE NOTÍCIAS CIENTÍFICAS","A agenc (agência de notícias científicas) é um projeto de extensão na área de jornalismo científico com foco na divulgação de pesquisas e projetos realizados pela uerj e na discussão de temas na área de ciência. Atua com um duplo objetivo: a divulgação científica para as comunidades externa e interna e a formação dos alunos de jornalismo e de relações públicas para esta importante área do jornalismo contemporâneo.","Geraldo Garcez Condé"
"A GENTE DA CIÊNCIA","Quem são as pessoas que fazem ciência e estão por trás das inovações tecnológicas que mudam nossas vidas? Na primeira fase do projeto com o objetivo de humanizar os cientistas e torná-los figuras mais próximas da população em geral o laboratório de áudio (audiolab) da faculdade de comunicação social da uerj desenvolveu uma série de perfis biográficos de cientistas brasileiros já falecidos em programetes de aproximadamente 5min. De duração. Cada programa traz a biografia de um pesquisador que se destacou em sua área de atuação enfatizando não só seus feitos como sua história de vida e trajetória. Produzimos 60 perfis e todos foram veiculados pela rádio mec am do rio de janeiro que tem transmissões pelo dial e pela internet e pelas rádio uerj e rádio ufrj ambas com transmissão pela internet. Com a desvalorização os ataques e dificuldades que a ciência brasileira enfrenta nesses últimos anos sentimos a necessidade de iniciar uma segunda fase do projeto com o objetivo de produzir reportagens jornalísticas sobre os projetos desenvolvidos atualmente por nossos cientistas nas mais diversas instituições de pesquisa brasileiras. Os avanços as descobertas as dificuldades e rotinas desses profissionais são nossa inspiração para produzir material relevante que possa contribuir para a valorização da ciência em nosso país. Todos os programetes e reportagens são disponibilizados para download gratuito no site do audiolab no perfil do audiolab no portal colaborativo radiotube acessado por ativistas de mais de 600 rádios comunitárias de todo o brasil multiplicando assim o alcance da iniciativa. “a gente da ciência - o rádio na divulgação científica e tecnológica” é um desdobramento do projeto “uerj no ar – o rádio como apoio à inclusão social e à difusão do conhecimento científico e tecnológico” também desenvolvido no audiolab. O projeto teve apoio da fundação carlos chagas filho de amparo a pesquisa do rio de janeiro (faperj) e do conselho nacional de desenvolvim","Gisele Vazquez Sobral"
"CINECLUBE DO DÉCIMO","O cineclube do décimo é um espaço para exibição e debate de filmes e vídeos de todos os gêneros e formatos. é realizado nas modalidades presencial e online e surge no laboratório de vídeo da faculdade de comunicação social da uerj. O cineclube é aberto a toda a comunidade universitária e externa da universidade e ao cap uerj colaborando especificamente para debate e reflexão de temas relacionados a áreas de conhecimento concentradas em comunicação social educação artes e cultura abarcando os segmentos do cinema fotografia jornalismo rádio comunicação comunitária coletivos de arte dentre outros.","Leandro Baptista De Almeida"
"OBSERVATÓRIO SOCIAL DO FUTEBOL","O projeto tem como objetivo construir um observatório para pesquisar os casos de violências ocorridas no futebol profissional do estado do rio de janeiro desde o retorno da democracia até a atualidade. Para cumprir esse objetivo serão realizadas coletas e análises das narrativas produzidas pelo jornal o globo no período 1988-2023. Vamos analisar a cobertura midiática a partir dos seus enunciados e silêncios procurando evidenciar padrões de rupturas e continuidades. No corpus escolhido focaremos em duas dimensões diferentes mas complementares. Por um lado interessa-nos fazer uma pesquisa documental e quantitativa das dinâmicas das violências noticiadas. Pretendemos quantificar classificar e mapear os episódios violentos retratados pela mídia para identificar tipos causas espaços temporalidades e protagonistas envolvidos nos casos registrados. Por outro lado interessa-nos fazer um trabalho hermenêutico e qualitativo interpretando as categorias classificações e rótulos com que a mídia descreve os casos de violências. Vamos analisar as coberturas midiáticas sobre a violência no futebol tanto como “fonte primária” a quantificar quanto “texto” discursivo a interpretar. O nosso interesse em desenvolver este projeto deve-se primeiramente à intenção de produzir um conhecimento científico teoricamente orientado empiricamente fundamentado e politicamente comprometido com o debate de uma problemática muito importante no nosso estado e país como é a “violência no futebol”. Pretende-se dar continuidade a uma longa trajetória de pesquisa no leme que tem o futebol como centro reforçando um olhar pouco desenvolvido no campo: a pesquisa qualitativa e quantitativa focada na violência. Espera-se colaborar na formulação de políticas públicas e diagnósticos técnicos no campo da segurança esportiva consolidar as redes entre a universidade e a sociedade.","Leda Maria Da Costa"
"LABORATÓRIO DE COMUNICAÇÃO INTEGRADA","Laboratório de extensão e de graduação em atividade desde 1995 o laboratório de comunicação integrada (lci) localizado no departamento de relações públicas congrega alunos bolsistas com formação acadêmica coordenadores docente e técnico além de profissionais de programação visual. O lci consiste em um espaço de iniciação dos estudantes nas dinâmicas e rotinas do mercado de trabalho prestando-se à condição de locus de experimentação e aprendizagem de técnicas e métodos voltados ao exercício profissional no universo da comunicação. O lci presta serviços a unidades da uerj assim como à comunidade externa organizando eventos acadêmicos e não-acadêmicos estabelecendo estratégias de comunicação e de assessoria de imprensa trabalhando em produção gráfica e em produção em ambientes web. Atua também no planejamento elaboração publicação e monitoramento de conteúdos para os perfis sociais da faculdade de comunicação social. Igualmente atua na gestão cotidiana do fluxo de informação e conteúdo no site da fcs atividades estas potencializadas e alargadas com a pandemia de covid-19 e determinantes para a eficácia da transmissão de informações notícias e comunicados de interesse das nossas comunidades. Dessa forma busca posicionar tanto o lci como agente de planejamento operacionalização e condução de estratégias de comunicação organizacional integrada quanto a fcs como referência acadêmica no universo da comunicação. Este projeto busca ampliar e potencializar as ações em curso enxergando em projetos de extensão uma oportunidade valiosa de aprendizado para nossos estudantes em uma experiência que oferece em retorno informação de qualidade para além dos muros da fcs e da uerj.","Luiza Barboza Da Cruz"
"NEWSLETTER DIGITAL ""FALAS DA FCS""","A newsletter digital ""falas da fcs” informativo de natureza híbrida ‒ institucional acadêmico e comunitário – é um desdobramento de uma resposta da faculdade de comunicação social à crise da covid-19 e que tornou-se marco nos processos de diálogo com as comunidades interna e externa se consolidou no cotidiano e na rotina da unidade em tempos de relações mediadas virtualmente. A periodicidade é mensal. Produzido e divulgado pelo laboratório de comunicação integrada (lci) a newsletter circulará ao final de cada mês . A iniciativa é uma atualização do boletim “fcs pensa a pandemia“ lançado em maio de 2020. O boletim tinha a motivação primordial de exercer a função social da universidade respondendo ao seu chamamento para em meio à pandemia intervir culturalmente na sociedade por meio da comunicação. A iniciativa tinha como objetivo propor reflexões sobre o impacto da crise sanitária no cotidiano e no cenário pós-pandemia. à cada edição entrevistávamos uma figura de destaque (teórico pesquisador ou referência intelectual/cultural) e desdobrávamos o tema com outros entrevistados humanizando e contextualizando o assunto central. A ideia agora é adequar o produto para compreender e responder às demandas e sentimentos que circulam na faculdade de comunicação no momento em que a crise sanitária e social não se apresenta mais no cenário como um drama epidemiológico agudo e mortal que obrigou boa parte das práticas sociais a se adaptar a rotinas e métodos virtuais. Vamos continuar a envolver toda a equipe do lci - coordenação técnicos bolsista qualitec e graduandos bolsistas ou não - que participará ativamente nos processos de gestão e de produção de conteúdo digital para o site e redes sociais da fcs. Assim buscamos retomar e atualizar rotinas e métodos de trabalho fundamentais para a formação dos alunos que estão sob a alçada do lci uma vez que eles poderão vivenciar as dinâmicas de comunicação acionadas em nosso campo de atuação.","Luiza Barboza Da Cruz"
"ESTRATÉGIAS COMUNICACIONAIS DE VISIBILIDADE E INTEGRAÇÃO: EMPREENDENDO NA PRÁTICA","Este projeto tem como público alvo até 1200 jovens de qualquer nível de escolaridade residentes em diferentes pontos do estado do rio de janeiro expostos a situação de vulnerabilidade econômica social de gênero ou identidade sexual raça violências interessado em participar de cursos do projeto empreendendo na prática realizado em conjunto com a secretaria de estado de desenvolvimento econômico indústria comércio e serviços. Este projeto está alinhado com outros projetos de unidades parceiras (ffp faoc entre outros) radicadas em campi variados da uerj todos convergentes com o projeto empreendendo na prática. O objetivo geral integrar a partir da comunicação cada dimensão do projeto empreendendo na prática e gerar individualmente e em conjunto visibilidade qualificada e dirigida para suas demandas suas ações e seus resultados provendo seus públicos alvo interno (parceiros componentes do projeto por exemplo) e externo (públicos jovens das áreas definidas por exemplo) com estratégias e táticas imprescindíveis e contribuintes à transparência e à sustentabilidade socioeconômica e ambiental de sua atividade. “estratégias comunicacionais de visibilidade e integração em empreendedorismo” deve acontecer presencialmente em várias cidades do rio de janeiro e em plataformas digitais entre 2023 e 2024.","Luiza Rosângela Da Silva"
"LABORATÓRIO DE COMUNICAÇÃO CIDADE E CONSUMO","O laboratório de comunicação cidade e consumo foi fundado em 2012 graças a um edital da faperj e desde então está vinculado à faculdade de comunicação social e ao programa de pós-graduação em comunicação da uerj. Com o intuito de ser meio de disseminação e suporte às pesquisas do coordenador professor ricardo ferreira freitas e de seus orientandos o lacon surgiu como o primeiro centro de estudos no país sobre cidade consumo e megaeventos sob a ótica da comunicação. O lacon se sobressai pela produção de inúmeros artigos e livros pela organização de eventos e cursos de extensão e pela promoção do contato da comunidade universitária e do entorno com as temáticas relacionadas à ocupação simbólica e material da cidade. Por meio de atividades de ensino pesquisa e extensão o laboratório busca instigar a observação crítica da realidade cotidiana e levar o debate sobre os três eixos que o norteiam (comunicação cidade e consumo) para toda a sociedade extrapolando os círculos acadêmicos. No laboratório ocorrem ainda as aulas da disciplina estágio curricular supervisionado lacon obrigatória na grade dos alunos de relações públicas. Na graduação o laboratório fornece suporte à disciplina comunicação e sociedade bem como a outras matérias ministradas pelo coordenador na graduação e na pós-graduação em comunicação. Além das atividades de extensão (seminários oficinas e cursos) o lacon também concentra as atividades do grupo de pesquisa “comunicação urbana consumo e eventos” cadastrado no cnpq e oferece suporte para a pesquisa “o consumo do medo nas cidades: um estudo sobre as narrativas jornalísticas em épocas de megaeventos” projeto aprovado pelo coordenador ricardo ferreira freitas no prociência (uerj) para o triênio 2017-2020. Estamos iniciando um novo projeto apoiado auxílio à pesquisa (apq1) da faperj que mantém relação com o projeto anterior intitulado “comunicando a diversidade: políticas e afetos de marcas cariocas sobre a comunidade lgbt+”.","Ricardo Ferreira Freitas"
"ESCOLA DE CRIADORES","O projeto visa oferecer ferramentas de capacitação para o desenvolvimento de projetos de criação de conteúdo em diferentes plataformas digitais e de perspectivas críticas sobre influência digital. à luz de debates cruciais para compreender as dinâmicas contemporâneas atreladas a esse mercado como estudos sobre influência celebrização plataformização e gestão de imagem de pessoas busca-se construir diálogos que fomentem a participação e o olhar crítico de estudantes de comunicação para atuação na área. Além disso tenciona-se estimular a atuação desses estudantes como multiplicadores de criadores de conteúdo sobretudo em torno de dois temas prioritários: sustentabilidade e indústria criativa. O projeto se justifica empiricamente graças à crescente demanda por esse tipo de profissional capaz de lidar não somente com marketing digital mas que compreenda de maneira ampla a influência como um fenômeno de mediação cultural e comercial na sociedade contemporânea. O objetivo é portanto permitir que estudantes de comunicação da uerj e comunidades atendidas pelo projeto sejam protagonistas e reproduzam líderes em suas respectivas áreas de interesse usando de forma consciente recursos digitais e outros processos comunicacionais.","Simone Evangelista Cunha"
"CICLO DE CONFERÊNCIAS CONVERSAS COM A CIÊNCIAS","Através do desenvolvimento de atividades de ensino pesquisa e extensão as universidades são instituições capazes de estabelecer um diálogo com as diferentes comunidades que compõem o espaço social de que fazem parte assumindo um papel de destaque não apenas na divulgação do conhecimento científico mas também buscando responder às demandas dessas comunidades a partir de suas diferentes realidades. A partir desta necessidade o projeto ciclo de conferências conversas com a ciência criado e desenvolvido pelo departamento de ciências da ffp/uerj – a partir de um financiamento da faperj há cerca de 10 anos – busca não apenas divulgar conhecimento como também a promoção do diálogo entre universidade e escola por meio da divulgação de conhecimento científico socialmente relevante com base na ideia de alfabetização científica e nos pressupostos da abordagem “ciência tecnologia e sociedade”. Neste sentido tem como objetivos envolver professores e estudantes dos diferentes segmentos do ensino em ações concretas de divulgação do conhecimento e possibilitar envolvimento universidade e escola. O projeto atuará através da promoção de palestras de docentes e pesquisadores da ffp/uerj (sobretudo do departamento de ciências) e de outras instituições no espaço da ffp em escolas parceiras do projeto e também através de webnários com transmissão pelo youtube.","Glauber Almeida De Lemos"
"LABORATÓRIO DE RÁDIO EXPERIMENTAL EDUCATIVO-COMUNITÁRIO EM BAIRRO DO MUNICÍPIO DE DUQUE DE CAXIAS","Projeto: laboratório de rádio experimental comunitário educativo em bairro do municipio de duque de caxias. O projeto que conta com dois laboratórios (a rádio comunitária kaxinawá transmitida por internet e o estúdio de som e música para gravação e ensaio) tem por eixo a pesquisa-ação de uma outra rádio capacitando alunos docentes técnicos administrativos e membros da comunidade em produção comunitária e educativa estimulando a criação de novas linguagens e conteúdos radiofônicos. Também contribui para a implementação de uma efetiva democratização dos meios de comunicação. A programanção é feita sobretudo por alunos em podcasts disponibilizados nas midias da rádio ou enquanto avaliações em disciplinas universais ou eletivas de radio-educação (ex: programas de música coreana rap metal trilhas sonoras grupo de estudos e programa musical feito por trabalhadores da padaria vizinha).Trata dos vários campos modos e funções do rádio e busca conceitos para pensá-los visando a criação de linguagens para uma nova espécie de rádio que atenda a interesses educacionais culturais artísticos e comunitários. Produção com ênfase nas leis 10.639 e 11.645 para uma educação anti-racista e contra outras formas de discriminação utilizando ferramentas de rádio áudio e música.","Pedro Alvim Leite Lopes"
"PRÁTICAS DE EDITORAÇÃO AO ALCANCE","O presente projeto busca viabilizar a publicação de produções acadêmicas (produtos educacionais trabalhos teóricos e metodológicos) e de obras culturais por meio de orientação e aplicação de técnicas de editoração no instituto de aplicação fernando rodrigues da silveira (cap-uerj). A intenção dessa ação é promover o conhecimento construído sobre o ensino que de alguma forma ilumine as práticas da instituição ou reflitam os experimentos por ela desenvolvidos. A ação caracteriza-se como extensionista não só por prestar consultoria no processo de editoração de uma obra mas principalmente por aproximar a comunidade externa dos conhecimentos desenvolvidos na universidade. Acredita-se que a promoção de saberes deve circular pela sociedade e sua materialização em livro (impresso ou digital) é um importante instrumento de consolidação dos resultados das pesquisas em prol de uma sociedade cada vez mais informada e capacitada.","Alexandre Xavier Lima"
"JORNAL NA ESCOLA","O projeto destinado a adolescentes que estejam cursando o ensino básico propõe o desenvolvimento de habilidades discursivas e a integração entre escola e comunidade por meio da produção de jornal. Espera-se que o participante potencialize sua presença em diversas práticas sociais e artísticas da escola e da sociedade através da experiência de relatar narrar argumentar expor e descrever (schneuwly & dolz 2004). O trabalho com essas habilidades permite a interação com a realidade tomando consciência e propondo novas realidades. O projeto prevê encontros semanais de leitura e produção de textos do domínio jornalístico com atividades que despertem a criatividade e a consciência sobre os diversos recursos da composição do texto vinculado aos jornais de modo que o participante perceba a “dinamicidade pluralidade e riqueza de gênero sem sufocá-lo em modelos formais” (alves filho 2011 p. 109).","Angelica De Oliveira Castilho Pereira"
"A CRÍTICA","A crítica de arte vem sofrendo enormes mudanças nos últimos trinta anos. Tratam-se de variações diversas como por exemplo sua potência efetiva a validade desses discursos na circulação veiculação legitimação e comercialização das obras de arte e sua importância simbólica dentro de um sistema específico de circulação de bens. Tais transformações também ocorreram em dois outros eixos: na própria profissão de crítico de arte que atravessou um considerável declínio carismático de sua função por estar erroneamente ligada a uma atmosfera ultrapassada erigida por um preconceito sobre seu desempenho e de seu já remoto enfrentamento com a produção contemporânea. Outro eixo que sente tais efeitos a partir de tal ausência é o público que sem acesso a tais textos que outrora circulavam nos grandes jornais precisou se acostumar com um certo tipo de experiência estética diante dos trabalhos de arte sem a mediação das respectivas provocações posturas e opiniões. A grande pergunta que erige este projeto é: como pensar a crítica de arte hoje? Mas mais que isso é: como é possível pensar a crítica de arte hoje considerando as diversas práticas micropolíticas que a norteiam nas mais distintas plataformas? Sendo assim propomos uma pesquisa de cunho extensionista que atenda a todos os interessados sobre a crítica de arte nos últimos 10 anos no brasil realizando um inventário de tais produções investigando suas especificidades suas variações e disponibilizando tal material em uma nova plataforma. Ou seja o objetivo deste projeto é investigar a produção crítica espraiada em diversos eixos e analisá-las publicando-as em um novo site de modo a registrá-las bem como estabelecer um panorama de suas variações e fomentar a continuidade de tal atividade.","Alexandre Sa Barretto Da Paixao"
"CONECTANDO À FÍSICA: DIVULGAÇÃO CIENTÍFICA ATRAVÉS DAS MÍDIAS SOCIAIS","A compreensão de conceitos científicos e a relação destes com o dia a dia ainda é limitada para a maioria da população. Em grande parte isto deve-se ao uso de terminologia especializada que é desconhecida para o público em geral. Uma das estratégias fundamentais para abordar essa questão é a divulgação científica que consiste em apresentar temas científicos em linguagem acessível. A divulgação científica ganhou aliados poderosos com o surgimento das mídias sociais permitindo a interação e compartilhamento de conteúdo na era digital. O presente projeto tem como objetivo principal a promoção da divulgação científica buscando criar e compartilhar conteúdo científico de alta qualidade através do uso das mídias sócias destinado a um público não especializado. Os conteúdos abrangerão uma variedade de temas incluindo aplicações da física fenômenos físicos bem como pesquisas conduzidas por professores e estudantes no instituto de física da uerj. Além disso o projeto compartilhará vivências e experiências de pesquisadores atuantes em áreas relacionadas à física e ao ensino de física. A divulgação ocorrerá principalmente por meio de postagens e textos informativos em formatos e linguagem clara e simples.","Clara Johanna Pacheco"
"SITE DO DEMO: LABORATÓRIO DE DESIGN-FICÇÃO","O projeto está voltado à expansão e manutenção do website do demo — laboratório de design-ficção. O site além de apresentar o laboratório realiza um trabalho de divulgação científica na interface entre as disciplinas projetuais/criativas e as humanidades (especialmente a filosofia a literatura e a história).","Daniel Bittencourt Portugal"
"TECER PETRÓPOLIS: MEMÓRIAS DA INDÚSTRIA","O projeto ""tecer petrópolis: memórias da indústria"" foca na criação do núcleo de memória da uerj petrópolis com ênfase na memória industrial da cidade com o objetivo de integrar ensino pesquisa e extensão. O projeto consiste em quatro fases distintas: atividades preliminares levantamento de campo coleta e análise de dados e produção de relatórios e material de divulgação. A avaliação do projeto se baseia no alcance e impacto do material produzido e no feedback dos envolvidos incluindo pesquisadores e bolsistas. O projeto também busca ativamente contribuir com as comunidades locais e envolver os alunos da uerj na realidade das áreas de estudo fortalecendo o compromisso social da universidade e conectando a academia com a sociedade. Em suma o projeto está alinhado com o tripé universitário promovendo o desenvolvimento de diagnósticos urbanos pesquisas e ações propositivas para a comunidade. O projeto é conduzido em colaboração com o grupo de pesquisa cnpq bia-lab uerj.","Patricia Regina Chaves Drach"
"ESDI: JANELAS ABERTAS","Programa de extensão esdi:janelas abertas visa divulgar o ensino e os acontecimentos do design para a comunidade externa da esdi além de dar suporte ao alunado da unidade em sua orientação profissional. A esdi é a unidade da universidade do estado do rio de janeiro dedicada ao ensino do desenho industrial um campo de conhecimento multidisciplinar. Trata-se de uma área voltada ao desenvolvimento de projetos de objetos tridimensionais de comunicações gráficas e de sistemas integrados de informação tecnologia e ambientes urbanos. O curso de graduação se desenvolve em cinco anos oferecendo simultaneamente habilitação em projeto de produto e programação visual. O ingresso é feito anualmente por meio de concurso vestibular promovido pela uerj. A escola está instalada em um conjunto de prédios na lapa no centro do rio de janeiro possuindo salas de aula oficinas de madeira metal modelagem gráfica laboratórios de fotografia e informática além de uma biblioteca especializada. O projeto “esdi: janelas abertas” foi criado no início do ano de 2001 com o objetivo de divulgar o campo do desenho industrial e a formação propiciada pela esdi de modo a ajudar tanto jovens interessados em ingressar na profissão a escolher adequadamente uma carreira quanto aos alunos da instituição que buscam maior esclarecimento sobre as perspectivas que o mercado de trabalho oferece. Para tanto vêm sendo organizadas ao longo dos anos de existência do programa esdi: janelas abertas atividades dirigidas a instituições do ensino médio do rio de janeiro com palestras e visitas monitoradas. O “janelas abertas” promove séries de palestras projeções e debates com alunos e ex-alunos da esdi dirigidos tanto aos estudantes interessados em geral e principalmente à própria comunidade esdiana.","Pedro Zöhrer Rodrigues Da Costa"
"JOURNAL OF SEDIMENTARY ENVIRONMENTS","A divulgação científica é a forma de facilitar o acesso ao conhecimento científico para toda a sociedade. A ciência desenvolve-se para dar resposta a problemas e questionamentos da sociedade sendo por isso importante divulgar os resultados científicos para a sociedade à medida em que estes vão sendo adquiridos ou que as pesquisas vão sendo elaboradas. O journal of sedimentary environments (jse) é um jornal da uerj publicado com a colaboração da springer que divulga trabalhos científicos internacionais na área da sedimentologia e estratigrafia. Porém a linguagem com que os trabalhos são publicados nem sempre é acessível e a sua leitura nem sempre é fácil para não especialista ou estudiosos desta área. Assim pretende-se desenvolver um projeto de jornalismo científico que facilite a formação educativa do cidadão por meio da leitura acessível de trabalhos publicados no jse e sobre temas selecionados. O projeto visa gerar ferramentas de conexão entre ciência e os cidadãos incentivando o interesse pela leitura e pesquisa de temáticas cientificas.","Maria Virgínia Alves Martins"
"FORTALECIMENTO E AMPLIAÇÃO DO ACESSO AO PROGRAMA DE PÓS GRADUAÇÃO EM CIÊNCIA E TECNOLOGIA DE MATERIAIS DO IPRJ-UERJ","O programa de pós graduação em ciência e tecnologia de materiais (ppgctm) do iprj-uerj atualmente é nota 3 pela capes na área das engenharias ii. Essa nota tem se repetido nas últimas três avaliações quadrienais da capes devido principalmente à falta de aderência (baixa demanda e grande evasão) de discentes). O programa está atuando de forma a implementar ações que impactem diretamente nos parâmetros e nas métricas utilizadas pela capes para a avaliação do programa para gerar condições que favoreçam a progressão para a nota 4 ou 5 em 2025. Uma das estratégias (em conjunto com inúmeras outras) em atual implementação é a divulgação sistemática ampla e diversificada das áreas de atuação e das linhas de pesquisa do ppgctm. Essa divulgação precisa utilizar de diferentes meios de comunicação e necessita de uma equipe melhor estruturada para organizar e implementar essa ação. Por isso se faz hoje necessário incluir estudantes de graduação que além de cumprir na prática a função de divulgação também terá a oportunidade de conhecer o ensino a pesquisa e a extensão por um outro ângulo podendo ser estimulados também a atuarem na área da docência e da pesquisa.","Verona Biancardi Oliveira"
"COMUNICAÇÃO SOCIAL E INSTITUCIONAL EM SAÚDE COLETIVA","O projeto visa divulgar conhecimento para a qualificação do debate público sobre saúde e sociedade no brasil. Nesse sentido a comunicação social e institucional do instituto de medicina social (ims) contribui ao posicionamento desta unidade como referência científica acadêmica e política na área da saúde no âmbito nacional regional e global divulgando conhecimentos inovadores e análises críticas cruciais para o desenvolvimento e democratização da área. Tendo como veículo principal seu website a comunicação do ims produz matérias notícias e conteúdos audiovisuais online também divulgados através das suas mídias sociais (facebook instagram e youtube) bem como tarefas de assessoria de imprensa visando um público acadêmico profissional gestor e ativista tanto nacional como internacional. Através destes meios divulgam-se informações precisas acessíveis e atualizadas acerca do ims sua história composição parcerias e gestão institucional bem como da produção científica das suas linhas e projetos de pesquisa e oferta de programas cursos e eventos acadêmicos. As estratégias da área são desenhadas e avaliadas por um grupo de trabalho interno em funcionamento há quatro anos vinculado à direção e ao conselho departamental do ims. Sua gestão cotidiana envolve a colaboração entre a secretaria do instituto e um profissional da comunicação contratado cujas tarefas incluem a postagem da agenda e novidades internas da instituição e produção de matérias de conteúdo variável do campo da saúde coletiva e sua presença em mídias sociais. O planejamento para 2023 inclui o lançamento do novo website do ims desenvolvido durante 2022 e o aprimoramento da produção dedicada à divulgação científica no campo da saúde coletiva","Horacio Federico Sivori"
"OBSERVATÓRIO DE OBESIDADE","A obesidade é um agravo de natureza complexa e múltipla determinação. No brasil sua prevalência é crescente em todas as idades a partir dos cinco anos e sua redução constitui grande desafio para a saúde pública. O último inquérito nacional que avaliou o estado nutricional data de 2019 e verificou que 25 9% dos adultos brasileiros tinha obesidade. No município do rio de janeiro em 2023 a prevalência de obesidade entre adultos foi de 26 2%. Dada a importância da obesidade em agosto de 2018 o cnpq lançou a chamada cnpq/ms/sas/dab/cgan nº 26/2018 - enfrentamento e controle da obesidade no âmbito do sus. Equipe composta por docentes e pesquisadores da uerj ufrj unirio uff fiocruz e por nutricionistas da secretaria estadual de saúde do rio de janeiro apresentou proposta intitulada “ações de controle e enfrentamento da obesidade no estado do rio de janeiro – pesquisa formação monitoramento e difusão” a qual foi aprovada em outubro de 2018. Como parte das atividades do projeto foi proposto o observatório de obesidade. Mesmo com o término do peo-erj em março de 2022 as atividades do observatório tiveram seguimento com ampliação de seu escopo e público-alvo. O observatório tem como principal objetivo a difusão de conhecimento sobre obesidade. O observatório iniciou suas atividades em 2019 fica situado fisicamente na uerj e explicita suas ações por meio de website onde serão organizadas publicações acadêmicas e relatórios técnicos materiais informativos e bases de dados e também de perfil em duas redes sociais. O website e as redes sociais também são difusores de notícias eventos e atividades de formação relacionadas à temática. Desde 2021 ampliou seu público para docentes e estudantes de ensino médio por meio da produção de videoaulas.","Daniela Silva Canella"
"INFLUÊNCIA DA CRIMINALIDADE NA INDÚSTRIA DO TURISMO DO RIO DE JANEIRO","Este projeto de extensão tem por objetivo realizar a capacitação de gestores de hotéis e de coordenadores da polícia militar que atuam junto a turistas de forma a mitigar os riscos dos turistas que escolheram o estado do rio de janeiro como destino turístico. Para isso é proposto identificar os indicadores de criminalidade que impactam o turismo no estado do rio de janeiro de forma a verificar sua correlação com os indicadores de turismo selecionados. Será realizada uma coleta de dados dos indicadores de criminalidade e de turismo entre 2003 e 2022 de forma a calcular a correlação de spearman e o nível de significância dessa correlação referente ao período a ser analisado. Serão estudados os indicadores de criminalidade referentes aos crimes contra o patrimônio e os crimes contra a pessoa de forma a poder capacitar os integrantes das instituições parceiras para desenvolverem ações de redução de riscos para os turistas tendo em vistas que esses crimes geram muitas consequências negativas tanto para os turistas como imagem do estado com consequências ruins para a economia do estado do rio de janeiro. Existe ainda a previsão de desenvolvimento de uma cartilha de orientação para os turistas de forma a que sejam orientados a tomar medidas que reduzam seus riscos ao transitar pelos destinos turísticos que escolheram além de fazer com que se sintam seguros com a atuação das forças de segurança capacitadas para agir em sua proteção.","Antonio Ranha Da Silva"
"LABORATÓRIO DE PUBLICIDADE PROPAGANDA E MARKETING PARA NEGÓCIOS DE IMPACTO","Cocrialab: um laboratório de criação de publicidade propaganda e marketing para empreendedores de impacto em comunidades do estado do rio de janeiro a ser operado por alunos com orientação docente. A proposta é estabelecer parcerias com redes comunitárias e organizações do terceiro setor voltadas para comunidades ofertando os serviços gratuitos de criação de identidade de marca campanha e peças publicitárias de modo a contribuir com estes empreendedores trazendo práticas de conteúdo publicitário pouco exploradas nas ementas curriculares para os alunos e prestando desta forma um serviço voltado para a comunidade o meio ambiente e a sociedade como um todo. Objetiva-se conquistar grande projeção para nossa universidade com este laboratório por seu cunho social.","Maria Cecilia Trannin"
"ECONOMIA É PARA TODOS","Este projeto era um sucesso antes da pandemia tanto de público quanto de crítica recebendo excelentes avaliações. Foi descontinuado com a pandemia e agora volta com força total em uma inédita parceria entre economia e administração ou seja fce e faf. A economia é muitas vezes um mistério pro leigo. E por outro lado pode ser extremamente útil no seu dia-a-dia. A economia a gestão das finanças domésticas o planejamento financeiro básico para um mei ou pequeno negócio familiar são o foco principal deste projeto e sua metodologia. Mas vai além: queremos formar melhores eleitores uma sociedade aberta ao diálogo e menos polarizada.","Rafael Pinho Senra De Morais"
"CINEMATÓGRAFO: A HISTÓRIA NOS FILMES","O podcast “cinematógrafo: a história nos filmes” é um canal de fomento e divulgação de debates sobre as relações entre a história e as narrativas audiovisuais (séries filmes de longa-metragem festivais e outros formatos). Deste modo relaciona assuntos diversos da história do brasil e do mundo em sintonia com os pressupostos da história pública e digital que balizam as relações do conhecimento produzido em instituições de pesquisa e ensino e a sociedade em geral. O projeto será coordenado por três profissionais com experiência nas relações entre história e cinema sendo o proponente professor adjunto da uerj e os demais parceiros da uff e da espm; ainda contará com a participação de alunos das três instituições envolvidas e de professores pesquisadores e outros profissionais de atuação no campo cultural convidados a gravar os episódios. Estruturado em programas mensais de aproximadamente 01 (uma) hora veiculados em plataformas de streaming está alocado no núcleo de estudos sobre biografia história ensino e subjetividades (nubhes-uerj) e manterá parceria com o departamento de cinema e audiovisual da escola de propaganda e marketing (espm/rio) e o laboratório de história oral e imagem (labhoi-uff).","Carlos Eduardo Pinto De Pinto"
"LABORATÓRIO DE ESTUDOS SOBRE REGIONALISMO E POLÍTICA EXTERNA","O lerpe foi criado a partir do desenvolvimento do grupo de pesquisa integração na américa do sul e o papel do brasil certificado pelo cnpq desde 2010 nos marcos do ppgri/uerj. Miriam saraiva é sua criadora e líder. O grupo tem duas linhas de pesquisa: política externa brasileira para a américa do sul e regionalismo sul-americano. O grupo inclui desde sua criação pesquisadores brasileiros que atuam em outras instituições nacionais e trabalha em rede com pesquisadores estrangeiros. Desde 2015 tem como vice-líder o prof. Paulo afonso velasco jr. Tem também uma interface importante dentro da uerj na formação de recursos humanos: desde 2010 conta sempre com um pesquisador de pós-doutorado papd/faperj (5 desde então) vinculados a projetos coordenados por miriam saraiva. Desde 2010 foram formados 2 doutorandos 21 mestrandos e desde 2013 coma criação do bacharelado em relações internacionais 27 bolsistas de iniciação científica. Em 2018 o lerpe foi criado nos marcos institucionais do ppgri por miriam saraiva e pela pós-doutoranda papd/faperj e colaboradora do ppgri lorena granja hernández. Embora a política externa brasileira e o regionalismo sul-americano sigam ocupando um lugar central nas pesquisas do lerpe há espaços para regionalismo em geral e estudos de políticas externas de outros países ou grupo de países. O lerpe é aberto para pesquisadores estudantes de doutorado mestrado e graduação da área de relações internacionais da uerj; ou que mantenham vínculos fortes com a instituição. Eventualmente incorpora também pós-graduandos de outras instituições. As atividades principais do lerpe são: a organização de debates acadêmicos incentivando a troca de ideias sobre confecção de artigos e papers para congressos entre os membros do grupo; organização de atividades nos marcos da uerj; pesquisa e construção de base de dados.","Miriam Gomes Saraiva"
"O USO DE PODCAST PARA DIVULGAÇÃO CIENTÍFICA E FORMAÇÃO ACADÊMICA E PROFISSIONAL","O projeto tem como objeto a divulgação científica e a difusão de temas relacionados aos estudos geográficos e áreas afins a partir do uso de um podcast. Trata-se da construção de um veículo de comunicação entre universidade e instituições com o público-alvo formados por estudantes e profissionais de diferentes níveis e áreas de atuação além de pessoas interessadas nas temáticas discutidas e apresentadas. O podcast se constitui uma excelente ferramenta para o debate de ideias e se faz oportuno pela facilidade de sua utilização e operação além do enorme alcance possível. O baixo custo necessário para a sua operação também é um atrativo aproveitando as plataformas gratuitas de oferta e divulgação. O podcast terá periodicidade quinzenal a princípio com possibilidade de oferecimento semanal após a sua consolidação. A duração prevista para cada episódio é em torno de 40 minutos com uma linguagem simples e acessível para o público externo. A avaliação do projeto ocorrerá baseada em análises métricas de acesso interações e alcance contando com as redes sociais como forma de contato e divulgação para o público-alvo. Espera-se com o desenvolvimento do projeto a aproximação entre universidade e sociedade civil além do aumento das interações acadêmicas entre professores e pesquisadores envolvidos. Outro resultado desejado é a identificação da divulgação científica como uma etapa importante dentro do processo de produção científica acadêmica e profissional.","Alexander Josef Sa Tobias Da Costa"
"GEOPOP – DILVULGANDO A GEOGRAFIA DA POPULAÇÃO","O objetivo do projeto é promover uma divulgação online de termos e conceitos relacionados ao campo disciplinar da geografia da população. Trata-se de uma atividade pedagógica onde os discentes do curso de graduação em geografia poderão colaborar de forma continuada na construção de dois produtos: i) um glossário por meio da elaboração de verbetes no formato de textos virtuais que tragam definições de termos e conceitos caros à geografia da população; e ii) um perfil na rede social instagram que apresentará postagens sobre temas relacionados à disciplina incluindo conteúdo teórico mas também prático relacionado a temas da atualidade. A proposta é que o glossário online e o perfil instagram estejam disponíveis livre e gratuitamente podendo ser consultado por qualquer pessoa com acesso à internet. O glossário e o perfil instagram servirão portanto como recursos de difusão de conhecimento em geografia da população que atenda o público em geral especialmente alunos do ensino fundamental e médio e universitários de diferentes campos disciplinares.","João Carlos Carvalhaes Dos Santos Montei"
"NÚCLEO DE ESTUDOS EM TURISMO COMUNICAÇÃO E AFETOS","Com o presente projeto busca-se a estruturação do núcleo de estudos em turismo comunicação e afetos (netca) que reunirá esforços de aprofundamento teórico e prático nas temáticas que o intitulam — turismo comunicação e afetos. A partir disso a ideia é reunir as ações extensionistas idealizadas por seu professor coordenador considerando-se que já estão em andamento. A primeira delas foi situada como o projeto “cineturismo na uerj” cadastrado no segundo semestre de 2023 e que agora se mantém como ação. Trata-se de um ciclo de cinema temático em que conteúdos mormente relacionados ao turismo — mas também adjacentes — são postos em evidência para o público participante por meio da exibição de produtos audiovisuais. Assim a partir de obras selecionadas sejam ficcionais ou documentais há aprofundamento em discussões teóricas e práticas conectadas ao fenômeno turístico e suas atividades características. Então a partir do convite feito a diferentes atores ligados à academia e/ou ao mercado de trabalho do campo será possível ampliar os horizontes críticos com relação aos motes tratados e ao repertório cultural. Isto posto a proposta também trabalha o uso das mídias como recursos didáticos e a formação de público valorizando a construção coletiva do conhecimento e a arte. Junto a isso como segunda ação central propõe-se a continuidade do podcast “o mundo do turismo” produzido em parceria com o laboratório de áudio da faculdade de comunicação social mais especificamente por meio do projeto de extensão “ateliê do podcast” coordenado pelo professor filipe mostaro. Presentemente no período de redação da presente proposta o programa possui quatro episódios que debatem contando com diversidade de convidados da academia e do mercado de trabalho temáticas diretamente associadas ao turismo. O programa conta com perfil no instagram e os episódios podem ser acessados nos canais de comunicação do “ateliê do podcast”.","Lucas Gamonal Barra De Almeida"
"GEOPORTAL DE TRABALHOS ACADÊMICOS DO INSTITUTO DE GEOGRAFIA DA UERJ","O movimento de ciência aberta tem como objetivo tornar a pesquisa e os dados científicos acessíveis a todos promovendo transparência e colaboração. Isso inclui a publicação aberta de pesquisas o acesso aberto aos resultados a reprodutibilidade e a ampliação do impacto da pesquisa científica. No campo das informações geográficas os geoportais desempenham um papel relevante permitindo o acesso democrático a informações espaciais. O geoportal de trabalhos acadêmicos do instituto de geografia da uerj é uma iniciativa alinhada à ciência aberta que visa dar visibilidade e facilitar o acesso às pesquisas desenvolvidas no instituto.","Patrick Calvano Kuchler"
"OLHAR OCEANOGRÁFICO E CIÊNCIAS DO MAR","O brasil possui uma das linhas de costa mais extensas (8.500km) e um território marinho digno de nota sob seu controle. A sua população contudo não tem conhecimento suficiente sobre esse vasto território marinho prejudicando a sua participação no desenvolvimento desse território. Como consequência a falta de investimentos e mesmo da capacidade de gestão traz enormes prejuízos para a manutenção dos serviços ambientais que podem ajudar o desenvolvimento social e econômico da sociedade. A divulgação de conhecimentos básicos e mesmo aqueles produzidos pelas universidades muitas vezes não chegam à sociedade pela falta de instrumentos como também pela forma como são transmitidos. Nesse sentido a participação da sociedade fica prejudicada provocando prejuízos ambientais irreversíveis e afetando a qualidade de vida. Com a sociedade informada cria-se uma opinião pública coesa e capaz de tomar as melhores decisões. Sem um conhecimento básico e claro dificilmente a sociedade consegue acompanhar e fiscalizar os destinos que são dados para os recursos marinhos. Conseguir entregar informações corretas imparciais e claras sobre as ciências do mar coloca-se luz na opinião pública de modo que a sociedade possa fiscalizar e decidir pelos melhores destinos dos recursos do mar que estão ao seu alcance. O projeto extensionista proposto pretende entregar informações básicas sobre o ambiente marinho brasileiro e da economia azul em uma linguagem acessível para leigos objetivando uma maior participação social nos destinos do litoral e do mar brasileiro. A difusão da informação produzida será realizada pelo site olharoceanografico.Com.","David Man Wai Zee"
"PODCAST PATRIMÔNIO - LIVRO DE REGISTROS SONORO","O projeto de extensão ""podcast patrimônio - livro de registros sonoro"" é uma proposta de valorização e divulgação da cultura tradicional brasileira. Ele consiste na produção de um podcast narrativo/documental com cerca de 40 minutos de duração por episódio chamado patrimônio focado em narrativas e histórias de vida relacionadas a um patrimônio cultural imaterial distinto. Cada episódio será centrado em uma manifestação patrimonializada em diferentes níveis e presente pelo território do rio de janeiro: a) a roda de capoeira registrada pela unesco como patrimônio mundial; b) o jongo do sudeste registrado pelo iphan como patrimônio brasileiro; c) a dança do passinho pelo estado do rio de janeiro e; d) a ""condição carioca"" ou ""carioquice"" registrada pela prefeitura do rio de janeiro (via irph). O projeto vai integrar o guarda-chuva de atividades do laboratório de podcasts narrativos da uerj que já tem expertise na produção de material neste formato. Em cada episódio o aluno/apresentador vai alterar sua narração com entrevistas e materiais de acervo onde se desenrolam falas de personagens que representam e personificam a manifestação selecionada e de especialistas que vão explorar mais sobre como funciona o processo de registro e a importância do patrimônio imaterial este tesouro que diferente da pedra e do cal são invisíveis e podem facilmente ter seu valor diminuído. Como contrapartida social o projeto se compromete a oferecer oficinas virtuais gratuitas voltadas especialmente para a comunidade externa com os seguintes temas: a) o podcast como estratégia para divulgação cultural; b) vivências patrimoniais: capoeira e jongo; c) experiências de patrimonialização: os desafios do registro.","Andriolli De Brites Da Costa"
"CIDADE PIRATA E LABORATÓRIO CAC/FCS: LABORATÓRIO DE DERIVAS","Este trabalho fruto de uma parceria entre o laboratório cac (uerj) e o projeto cidade pirata visa por meio da perspectiva cartográfica estabelecer uma ponte entre a comunidade da lapa e seus coletivos culturais e pesquisadores e professores de comunicação da uerj. Pretende-se acionar a deriva como prática metodológica bem como técnicas de audiovisual e abordagens científicas plurais fundamentadas nas experiências sensíveis e imaginárias do cotidiano que possam ser replicadas no trabalho artístico e vice-versa. Nos últimos anos alguns projetos de especulação imobiliária e políticas de controle do uso das ruas na região da lapa acabaram por dificultar o desenvolvimento de práticas artísticas nos espaços públicos da região mas a área se mantém viva e pulsante a partir do trabalho de muitos coletivos culturais que lá atuam por vezes à margem de uma oficialidade e reconhecimento. Diante disso a parceria irá produzir uma cartografia com participação direta dos moradores e alguns articuladores locais que irão colaborar como convidados de nossas derivas pelas ruas da lapa. Como já é de escopo de trabalho do cac esses grupos e responsáveis por centros culturais contarão suas histórias e memórias por narrativas por performances e outras diferentes formas artísticas. Espera-se com este projeto além de toda a riqueza das trocas culturais que haja um desdobramento em políticas públicas que possam pensar as práticas culturais da lapa para além da própria cultura da noite pensando naquele espaço também como local de moradia cotidiano e dotado de diferentes regimes de funcionamento que desaguam em diversos institutos culturais e arranjos de produção cultural e científica.","Cintia Sanmartin Fernandes"
"CENTRAL DE PRODUÇÃO DOS MEIOS INFORMATIOZADOS(LED)","O projeto central dos meios informatizados estabelece concomitantemente o conhecimento das novas linguagens jornalísticas diante da internet e das tecnologias digitais e a produção nas plataformas virtuais da cibercultura de novos produtos jornalísticos específicos aos meios informatizados em que também se incluem reconfigurados os meios de comunicação de massa. Sua realização ocorre na prática laboratorial de aprendizagem dos estagiários com apoio de técnicos e a orientação dos professores dos laboratórios de editoração eletrônica – led de redação –lar e de multimeios- multimeios podendo receber o apoio complementar dos laboratórios de fotografia de áudio e de imagem. Suas atividades são embasadas pelo campo de estudo do jornalismo vinculado às novas tecnologias comunicacionais do final do século xx ao jornalismo científico às especializações setoriais de editorias à história do presente e à memória social e cultural. Para produzir seus produtos informatizados desenvolve softwares e produção em multimídia editando de forma combinada suportes materiais em impressos áudios e imagens sites e portal do projeto onde fica postada sua produção jornalística. Atua ainda na participação de eventos da fcs e de outras unidades acadêmicas dos campi da uerj desde o planejamento até a edição dos produtos.","Fabio Mario Iorio"
"JORNALISMO E HISTÓRIA","O projeto jornalismo e história estabelece de forma científica a relação entre o discurso jornalístico como fonte de pesquisa e narrativa da história contemporânea a partir de sua produção cotidiana. Realiza documentários e outros produtos jornalísticos com suportes materiais do impresso do eletrônico e do digital com a finalidade de resgatar a realidade brasileira (com destaque a fluminense) atual por meio de diversos tópicos culturais e sociais em seu relato factual (historiográfico) do presente e na revisão da contextualização do processo histórico de nossa sociedade. Cada resgate tem a contribuição científica dos pesquisadores das unidades acadêmicas de toda uerj vinculadas ao objeto e o acervo de várias fundações e instituições culturais públicas e privadas no que possibilita o aprendizado qualificado dos estagiários em jornalismo desde a apuração da pauta –fundamental no relato jornalístico- até a formatação em linguagem de vários gêneros discursivos e de técnicas avançadas.","Fabio Mario Iorio"
"PAPEL DA MIDIA NA EDUCAÇÃO","O projeto o papel da mídia na educação desenvolve duas formas de relacionamento entre a prática de comunicação midiática e a escola pública fluminense. No primeiro caso estabelece o tipo de atuação da mídia na sociedade e na trajetória da educação pública revisando a estrutura do noticiário como canal de difusão da realidade cotidiana e das demandas do ensino público na república brasileira. No segundo caso propicia o conhecimento das técnicas de comunicação midiática e seu aproveitamento na dinâmica do ensino fundamental e médio da escola pública considerando a diferença de abordagem de enfoque crítico resultante da formação do estudante como cidadão e leitor da mídia. O projeto busca oferecer a recuperação histórica da escola pública com seus centros de memória a articulação do saber escolar e a formação geracional em confronto com a hegemonia cultural da mídia para o exercício do ato comunicativo na sala de aula e nas outras instituições e práticas sociais em seus níveis de realidade: econômica política e ideológica.","Fabio Mario Iorio"
"O PAPEL DA FOTOGRAFIA","O papel da fotografia é um projeto que propõe uma reflexão teóricoprática sobre representação identidade e memória a partir de arquivos pessoais de retratos de família e do desenvolvimento de um conhecimento sobre os fundamentos da fotografia. A ênfase será o resgate de fotografias analógicas dos álbuns de família e na produção de retratos e autorretratos construídos a partir da reflexão sobre as imagens dos acervos familiares. Haverá também a elaboração de modos de apresentação sob a forma de fotolivros ou de fotofilmes. Por meio de um processo de formação em três etapas resgate e análise dos retratos de família impressos em papel criação de autorretratos e a construção de fotolivros/fotofilmes– o projeto visa produzir junto com as turmas e os professores das escolas públicas as memórias sociais e arquitetônica das comunidades onde os estudantes e a escola estão integrados. A intenção é ver emergir dessa experiência uma narrativa alternativa aos discursos hegemônicos que tratam das periferias.Os trabalhos desenvolvidos pelos participantes serão conectados com as perspectivas poético políticas do contemporâneo e contarão com a colaboração de artistas pesquisadores e professores convidados durante o desenvolvimento das oficinas e cursos no intuito de realizar ao final do processo uma exposição com os trabalhos desenvolvidos.","Leandro Pimentel Abreu"
"PODCAST: CONTEÚDO CONCRETO NA UERJ","Trata-se de um programa de webrádio com produção para ser veiculado como podcast/stream voltado para o público em geral mas especificamente o público universitário. Esse recorte extensionista foi idealizado após uma avaliação criteriosa no sentido de promover o acesso ao conhecimento produzido pela universidade pública de qualidade e excelência. A intenção é levar ao estúdio do áudiolab (laboratório de áudio da faculdade de comunicação social) atores do conhecimento das mais diversas áreas do saber universitário capazes de debater sobre suas reflexões de uma forma descontraída e acessível ao público leigo. Nesse sentido entende-se que as ações voltadas para a disseminação do conhecimento gerado na universidade como informação e elos de formação devam estar inseridas em propostas que possam contribuir para o desenvolvimento de contextos de crescimento intelectual da população carioca e até do brasil como um todo já que o conteúdo será disponibilizado via internet. Neste projeto que já tem sua versão em andamento desde 2014 em 2020 ganha o aporte de conhecimento técnico na produção radiofônica do áúdiolab (fcs) para gravação e edição mantendo o vínculo com o cte - através da rádiouerj - e outros parceiros externos para veiculação dando seguimento à sua proposta de acesso à informação e o conhecimento gerado na uerj que poderá ser acessado à distância levando educação relevante para todos de forma a estender o alcance da universidade do estado rio de janeiro.","Ricardo Benevides"
"FOFA- A REVISTA DA FAF.","Acompanhar todos os acontecimentos de uma universidade e mais especificamente de uma determinada unidade é um desafio tanto para alunos quanto para professores. O ambiente em universidade contém vários fatores e possui uma rotina que envolve muitas variáveis de diferentes áreas. Comumente os alunos ingressam um uma turma fazem amizade mas com os passar do tempo já a partir do terceiro período se separam por inúmeros fatores como estágios eletivas ou até mesmo reprovações em alguma disciplina ou oferta de vagas. Agremiações como centros acadêmico e centros esportivos ajudam a formar novos grupos mas ainda assim a união por meio de um veículo único se torna praticamente impossível. Considerando ainda as diversas oportunidades que uma universidade como a nossa oferta e a disseminação de informações por canais diversos muitas vezes os alunos ficam perdidos com oportunidades que poderiam aproveitar (bolsas estágios ofertas de cursos de línguas intercâmbios e programas). Além disso as graduações do mesmo curso não conversam fazendo com que essa troca entre universidades se perca. Pode-se ainda inferir que o sentimento de “pertencimento” de ver seus projetos destacados de ter apreciação dos colegas por algo que realizou dentro da universidade não tem qualquer visibilidade para os colegas de curso e para os outros professores. A revista fofa vai abranger matérias promovendo e divulgando as atividades da faculdade de administração e finanças (faf) ajudando a conectar alunos professores e a faf com empresas interessadas em divulgar vagas de estágio e bolsas e todos os interessados em fazer faculdade nos cursos de administração e contabilidade. Além destes pontos a revista pretende desenvolver e estimular o interesse de todos por acompanhar a rotina da vida acadêmica podendo alcançar também um público que busca dados para decidir que curso de graduação fazer ou quem sabe até retomar seus estudos.","Marcela Lobo Francisco"
"PODCAST GEOCAST - DIVULGAÇÃO CIENTÍFICA","Nos últimos 30 anos o avanço tecnológico impulsionou o campo da geoinformação englobando uma gama diversificada de saberes técnicas e métodos voltados para a aquisição processamento e interpretação de dados geográficos. No rio de janeiro diversas instituições de ensino superior abrigam grupos de pesquisa dedicados às aplicações das geotecnologias. A participação ativa desses grupos em debates e atividades de extensão universitária culminou na realização da primeira jornada de geotecnologias do estado do rio de janeiro (jgeotec) em 2011 dando origem a seis edições subsequentes. A penúltima edição promovida pela uff em 2020 adotou o formato remoto alcançando um público mais amplo com mais de 1000 participantes inscritos em um canal do youtube para acompanhar palestras minicursos e apresentações de trabalhos. Nesse contexto surgiu a ideia de integrar o podcast geocast em atividade desde 2019 à jgeotec. O geocast um projeto de divulgação científica composto por entrevistas e debates com professores pesquisadores e especialistas muitos dos quais ligados às instituições envolvidas na jgeotec foi concebido como uma extensão do evento visando continuar fornecendo conteúdo científico ao público entre as edições da jornada. Com uma audiência de mais de 1000 inscritos em suas plataformas e aproximadamente 6300 downloads o geocast divulgará novidades pesquisas e experiências vivenciadas por profissionais atuantes em geografia geotecnologias e áreas afins.","Rômulo Weckmüller Vieira"
